{
  "hash": "8c8ab473",
  "configHash": "80d40414",
  "lockfileHash": "b5f0792c",
  "browserHash": "ea54ee77",
  "optimized": {
    "@angular/common": {
      "src": "../../../../../../node_modules/@angular/common/fesm2022/common.mjs",
      "file": "@angular_common.js",
      "fileHash": "2e22b879",
      "needsInterop": false
    },
    "@angular/common/http": {
      "src": "../../../../../../node_modules/@angular/common/fesm2022/http.mjs",
      "file": "@angular_common_http.js",
      "fileHash": "8f9365ea",
      "needsInterop": false
    },
    "@angular/core": {
      "src": "../../../../../../node_modules/@angular/core/fesm2022/core.mjs",
      "file": "@angular_core.js",
      "fileHash": "2b6aae3f",
      "needsInterop": false
    },
    "@angular/forms": {
      "src": "../../../../../../node_modules/@angular/forms/fesm2022/forms.mjs",
      "file": "@angular_forms.js",
      "fileHash": "e5619f99",
      "needsInterop": false
    },
    "@angular/platform-browser": {
      "src": "../../../../../../node_modules/@angular/platform-browser/fesm2022/platform-browser.mjs",
      "file": "@angular_platform-browser.js",
      "fileHash": "11c636a8",
      "needsInterop": false
    },
    "@angular/router": {
      "src": "../../../../../../node_modules/@angular/router/fesm2022/router.mjs",
      "file": "@angular_router.js",
      "fileHash": "5fe7eb48",
      "needsInterop": false
    },
    "rxjs": {
      "src": "../../../../../../node_modules/rxjs/dist/esm5/index.js",
      "file": "rxjs.js",
      "fileHash": "bbe3725f",
      "needsInterop": false
    }
  },
  "chunks": {
    "chunk-ZHD4FYSQ": {
      "file": "chunk-ZHD4FYSQ.js"
    },
    "chunk-ZD4ZC6VX": {
      "file": "chunk-ZD4ZC6VX.js"
    },
    "chunk-WNVI4JOA": {
      "file": "chunk-WNVI4JOA.js"
    },
    "chunk-56PPHEMJ": {
      "file": "chunk-56PPHEMJ.js"
    },
    "chunk-S35MAB2V": {
      "file": "chunk-S35MAB2V.js"
    }
  }
}